--
-- PostgreSQL database dump
--

-- Dumped from database version 13.9
-- Dumped by pg_dump version 13.11 (Debian 13.11-0+deb11u1)

SET statement_timeout = 0;
SET lock_timeout = 0;
SET idle_in_transaction_session_timeout = 0;
SET client_encoding = 'UTF8';
SET standard_conforming_strings = on;
SELECT pg_catalog.set_config('search_path', '', false);
SET check_function_bodies = false;
SET xmloption = content;
SET client_min_messages = warning;
SET row_security = off;

SET default_tablespace = '';

SET default_table_access_method = heap;

--
-- Name: dish; Type: TABLE; Schema: public; Owner: postgres
--

CREATE TABLE public.dish (
    id integer NOT NULL,
    title character varying,
    description character varying,
    submenu_id integer,
    price character varying
);


ALTER TABLE public.dish OWNER TO postgres;

--
-- Name: dish_id_seq; Type: SEQUENCE; Schema: public; Owner: postgres
--

CREATE SEQUENCE public.dish_id_seq
    AS integer
    START WITH 1
    INCREMENT BY 1
    NO MINVALUE
    NO MAXVALUE
    CACHE 1;


ALTER TABLE public.dish_id_seq OWNER TO postgres;

--
-- Name: dish_id_seq; Type: SEQUENCE OWNED BY; Schema: public; Owner: postgres
--

ALTER SEQUENCE public.dish_id_seq OWNED BY public.dish.id;


--
-- Name: menu; Type: TABLE; Schema: public; Owner: postgres
--

CREATE TABLE public.menu (
    id integer NOT NULL,
    title character varying,
    description character varying,
    submenus_count integer,
    dishes_count integer
);


ALTER TABLE public.menu OWNER TO postgres;

--
-- Name: menu_id_seq; Type: SEQUENCE; Schema: public; Owner: postgres
--

CREATE SEQUENCE public.menu_id_seq
    AS integer
    START WITH 1
    INCREMENT BY 1
    NO MINVALUE
    NO MAXVALUE
    CACHE 1;


ALTER TABLE public.menu_id_seq OWNER TO postgres;

--
-- Name: menu_id_seq; Type: SEQUENCE OWNED BY; Schema: public; Owner: postgres
--

ALTER SEQUENCE public.menu_id_seq OWNED BY public.menu.id;


--
-- Name: order; Type: TABLE; Schema: public; Owner: postgres
--

CREATE TABLE public."order" (
    id integer NOT NULL,
    user_id integer,
    dish_id integer,
    quantity integer,
    date_created timestamp without time zone
);


ALTER TABLE public."order" OWNER TO postgres;

--
-- Name: order_id_seq; Type: SEQUENCE; Schema: public; Owner: postgres
--

CREATE SEQUENCE public.order_id_seq
    AS integer
    START WITH 1
    INCREMENT BY 1
    NO MINVALUE
    NO MAXVALUE
    CACHE 1;


ALTER TABLE public.order_id_seq OWNER TO postgres;

--
-- Name: order_id_seq; Type: SEQUENCE OWNED BY; Schema: public; Owner: postgres
--

ALTER SEQUENCE public.order_id_seq OWNED BY public."order".id;


--
-- Name: submenu; Type: TABLE; Schema: public; Owner: postgres
--

CREATE TABLE public.submenu (
    id integer NOT NULL,
    title character varying,
    description character varying,
    menu_id integer,
    dishes_count integer
);


ALTER TABLE public.submenu OWNER TO postgres;

--
-- Name: submenu_id_seq; Type: SEQUENCE; Schema: public; Owner: postgres
--

CREATE SEQUENCE public.submenu_id_seq
    AS integer
    START WITH 1
    INCREMENT BY 1
    NO MINVALUE
    NO MAXVALUE
    CACHE 1;


ALTER TABLE public.submenu_id_seq OWNER TO postgres;

--
-- Name: submenu_id_seq; Type: SEQUENCE OWNED BY; Schema: public; Owner: postgres
--

ALTER SEQUENCE public.submenu_id_seq OWNED BY public.submenu.id;


--
-- Name: user; Type: TABLE; Schema: public; Owner: postgres
--

CREATE TABLE public."user" (
    id integer NOT NULL,
    email character varying,
    hashed_password character varying,
    created timestamp without time zone,
    superuser boolean
);


ALTER TABLE public."user" OWNER TO postgres;

--
-- Name: user_id_seq; Type: SEQUENCE; Schema: public; Owner: postgres
--

CREATE SEQUENCE public.user_id_seq
    AS integer
    START WITH 1
    INCREMENT BY 1
    NO MINVALUE
    NO MAXVALUE
    CACHE 1;


ALTER TABLE public.user_id_seq OWNER TO postgres;

--
-- Name: user_id_seq; Type: SEQUENCE OWNED BY; Schema: public; Owner: postgres
--

ALTER SEQUENCE public.user_id_seq OWNED BY public."user".id;


--
-- Name: dish id; Type: DEFAULT; Schema: public; Owner: postgres
--

ALTER TABLE ONLY public.dish ALTER COLUMN id SET DEFAULT nextval('public.dish_id_seq'::regclass);


--
-- Name: menu id; Type: DEFAULT; Schema: public; Owner: postgres
--

ALTER TABLE ONLY public.menu ALTER COLUMN id SET DEFAULT nextval('public.menu_id_seq'::regclass);


--
-- Name: order id; Type: DEFAULT; Schema: public; Owner: postgres
--

ALTER TABLE ONLY public."order" ALTER COLUMN id SET DEFAULT nextval('public.order_id_seq'::regclass);


--
-- Name: submenu id; Type: DEFAULT; Schema: public; Owner: postgres
--

ALTER TABLE ONLY public.submenu ALTER COLUMN id SET DEFAULT nextval('public.submenu_id_seq'::regclass);


--
-- Name: user id; Type: DEFAULT; Schema: public; Owner: postgres
--

ALTER TABLE ONLY public."user" ALTER COLUMN id SET DEFAULT nextval('public.user_id_seq'::regclass);


--
-- Data for Name: dish; Type: TABLE DATA; Schema: public; Owner: postgres
--

COPY public.dish (id, title, description, submenu_id, price) FROM stdin;
1	DISH 1	DESCRIPTION OF DISH 1	1	16.5
2	DISH 2	DESCRIPTION OF DISH 2	1	8.5
3	DISH 3	DESCRIPTION OF DISH 3	1	18
4	DRINK 1	DESCRIPTION OF DRINK 1	2	3.5
5	DRINK 2	DESCRIPTION OF DRINK 2	2	5.5
6	DRINK 3	DESCRIPTION OF DRINK 3	2	6.5
7	DISH 1	DESCRIPTION OF DISH 1	3	11
8	DISH 2	DESCRIPTION OF DISH 2	3	11
9	DISH 3	DESCRIPTION OF DISH 3	3	11
10	DISH 1	DESCRIPTION OF DISH 1	4	34
11	DISH 2	DESCRIPTION OF DISH 2	4	43
12	DISH 3	DESCRIPTION OF DISH 3	4	12
\.


--
-- Data for Name: menu; Type: TABLE DATA; Schema: public; Owner: postgres
--

COPY public.menu (id, title, description, submenus_count, dishes_count) FROM stdin;
1	BREAKFAST MENU	EVERYDAY FROM 7AM TO 11AM	2	6
2	DINING MENU	OUR DISHES ARE AVAILABLE AS A STARTER AS WELL AS A MAIN COURSE	2	6
\.


--
-- Data for Name: order; Type: TABLE DATA; Schema: public; Owner: postgres
--

COPY public."order" (id, user_id, dish_id, quantity, date_created) FROM stdin;
\.


--
-- Data for Name: submenu; Type: TABLE DATA; Schema: public; Owner: postgres
--

COPY public.submenu (id, title, description, menu_id, dishes_count) FROM stdin;
1	HOT BREAKFAST	MANY IDEAS FOR BUSY MORNINGS	1	3
2	HOT BEVERAGES	HOT DRINKS TO KEEP YOU WARM THIS WINTER	1	3
3	ALL-DAY-DINING	A CHOICE OF DISHES FROM BREAKFAST THROUGH TO BRUNCH, LUNCH AND DINNER	2	3
4	FROM THE GRILL	OUR SPECIALTY	2	3
\.


--
-- Data for Name: user; Type: TABLE DATA; Schema: public; Owner: postgres
--

COPY public."user" (id, email, hashed_password, created, superuser) FROM stdin;
1	admin	$2b$12$x2PDyxeeKN9TzSzaalwyAOoUupQO5INTgOEJ3ZWz.oWl9WBmkEi/.	2023-05-20 11:58:55.322236	t
\.


--
-- Name: dish_id_seq; Type: SEQUENCE SET; Schema: public; Owner: postgres
--

SELECT pg_catalog.setval('public.dish_id_seq', 12, true);


--
-- Name: menu_id_seq; Type: SEQUENCE SET; Schema: public; Owner: postgres
--

SELECT pg_catalog.setval('public.menu_id_seq', 2, true);


--
-- Name: order_id_seq; Type: SEQUENCE SET; Schema: public; Owner: postgres
--

SELECT pg_catalog.setval('public.order_id_seq', 1, false);


--
-- Name: submenu_id_seq; Type: SEQUENCE SET; Schema: public; Owner: postgres
--

SELECT pg_catalog.setval('public.submenu_id_seq', 4, true);


--
-- Name: user_id_seq; Type: SEQUENCE SET; Schema: public; Owner: postgres
--

SELECT pg_catalog.setval('public.user_id_seq', 1, true);


--
-- Name: dish dish_pkey; Type: CONSTRAINT; Schema: public; Owner: postgres
--

ALTER TABLE ONLY public.dish
    ADD CONSTRAINT dish_pkey PRIMARY KEY (id);


--
-- Name: menu menu_pkey; Type: CONSTRAINT; Schema: public; Owner: postgres
--

ALTER TABLE ONLY public.menu
    ADD CONSTRAINT menu_pkey PRIMARY KEY (id);


--
-- Name: order order_pkey; Type: CONSTRAINT; Schema: public; Owner: postgres
--

ALTER TABLE ONLY public."order"
    ADD CONSTRAINT order_pkey PRIMARY KEY (id);


--
-- Name: submenu submenu_pkey; Type: CONSTRAINT; Schema: public; Owner: postgres
--

ALTER TABLE ONLY public.submenu
    ADD CONSTRAINT submenu_pkey PRIMARY KEY (id);


--
-- Name: user user_pkey; Type: CONSTRAINT; Schema: public; Owner: postgres
--

ALTER TABLE ONLY public."user"
    ADD CONSTRAINT user_pkey PRIMARY KEY (id);


--
-- Name: ix_dish_description; Type: INDEX; Schema: public; Owner: postgres
--

CREATE INDEX ix_dish_description ON public.dish USING btree (description);


--
-- Name: ix_dish_id; Type: INDEX; Schema: public; Owner: postgres
--

CREATE INDEX ix_dish_id ON public.dish USING btree (id);


--
-- Name: ix_dish_price; Type: INDEX; Schema: public; Owner: postgres
--

CREATE INDEX ix_dish_price ON public.dish USING btree (price);


--
-- Name: ix_dish_title; Type: INDEX; Schema: public; Owner: postgres
--

CREATE INDEX ix_dish_title ON public.dish USING btree (title);


--
-- Name: ix_menu_description; Type: INDEX; Schema: public; Owner: postgres
--

CREATE INDEX ix_menu_description ON public.menu USING btree (description);


--
-- Name: ix_menu_id; Type: INDEX; Schema: public; Owner: postgres
--

CREATE INDEX ix_menu_id ON public.menu USING btree (id);


--
-- Name: ix_menu_title; Type: INDEX; Schema: public; Owner: postgres
--

CREATE INDEX ix_menu_title ON public.menu USING btree (title);


--
-- Name: ix_order_id; Type: INDEX; Schema: public; Owner: postgres
--

CREATE INDEX ix_order_id ON public."order" USING btree (id);


--
-- Name: ix_order_user_id; Type: INDEX; Schema: public; Owner: postgres
--

CREATE INDEX ix_order_user_id ON public."order" USING btree (user_id);


--
-- Name: ix_submenu_description; Type: INDEX; Schema: public; Owner: postgres
--

CREATE INDEX ix_submenu_description ON public.submenu USING btree (description);


--
-- Name: ix_submenu_id; Type: INDEX; Schema: public; Owner: postgres
--

CREATE INDEX ix_submenu_id ON public.submenu USING btree (id);


--
-- Name: ix_submenu_title; Type: INDEX; Schema: public; Owner: postgres
--

CREATE INDEX ix_submenu_title ON public.submenu USING btree (title);


--
-- Name: ix_user_email; Type: INDEX; Schema: public; Owner: postgres
--

CREATE UNIQUE INDEX ix_user_email ON public."user" USING btree (email);


--
-- Name: ix_user_id; Type: INDEX; Schema: public; Owner: postgres
--

CREATE INDEX ix_user_id ON public."user" USING btree (id);


--
-- Name: dish dish_submenu_id_fkey; Type: FK CONSTRAINT; Schema: public; Owner: postgres
--

ALTER TABLE ONLY public.dish
    ADD CONSTRAINT dish_submenu_id_fkey FOREIGN KEY (submenu_id) REFERENCES public.submenu(id);


--
-- Name: order order_user_id_fkey; Type: FK CONSTRAINT; Schema: public; Owner: postgres
--

ALTER TABLE ONLY public."order"
    ADD CONSTRAINT order_user_id_fkey FOREIGN KEY (user_id) REFERENCES public."user"(id);


--
-- Name: submenu submenu_menu_id_fkey; Type: FK CONSTRAINT; Schema: public; Owner: postgres
--

ALTER TABLE ONLY public.submenu
    ADD CONSTRAINT submenu_menu_id_fkey FOREIGN KEY (menu_id) REFERENCES public.menu(id);


--
-- PostgreSQL database dump complete
--

